{
  "labels": [
    "2022-01",
    "2022-04",
    "2022-07",
    "2022-10",
    "2023-01",
    "2023-04",
    "2023-07",
    "2023-10",
    "2024-01",
    "2024-04",
    "2024-07",
    "2024-10"
  ],
  "values": [
    5.837993922665319,
    4.662679605972501,
    4.537125397818026,
    2.396984906539496,
    5.0886746263948135,
    20.74681940587334,
    16.850208540739413,
    21.392645549740134,
    21.462833827786444,
    21.85175622939021,
    25.5744381675122,
    27.147673472657118
  ],
  "first_value": 5.837993922665319,
  "last_value": 27.147673472657118,
  "peak_value": 27.147673472657118,
  "growth_rate": 0.6267552808821117
}